Freq_kHz,TS
60.0,-36.22465687323412
61.0,-36.17582833877393
62.0,-36.198124257111644
63.0,-35.97087126717296
64.0,-36.28933200371557
65.0,-36.326194939000786
