Freq_kHz,TS
50.0,-62.150341159116536
52.0,-54.1194698170911
54.0,-50.54477016853437
56.0,-48.678767378519
